,quality
966,1
6331,1
5687,1
515,1
3649,1
3414,1
3966,1
6204,1
5027,1
5297,1
2877,1
2377,1
1805,1
1114,0
61,1
4931,1
3484,1
3386,1
5068,0
5358,1
2533,1
2160,1
483,1
3070,1
5287,1
797,1
3425,1
2778,1
640,1
6484,1
4349,1
4622,1
6098,1
3094,1
560,1
352,1
2725,1
4996,1
2076,1
5594,1
585,1
6347,1
3748,1
1664,0
5206,1
5645,1
4454,1
1972,1
363,1
5939,1
5937,1
2360,1
4384,1
1081,1
6450,1
6344,1
4066,1
1635,1
3758,1
1915,1
4011,1
1045,1
54,1
3728,1
5775,1
3003,1
4573,1
746,1
2203,1
2452,1
2666,1
2349,1
802,1
1922,1
3187,1
4263,1
3945,1
6147,1
6311,1
4142,1
2640,1
6239,1
2508,1
5919,1
6434,1
6293,1
2840,1
442,1
6441,1
4128,1
5663,1
4851,1
3967,0
5208,1
5425,1
138,1
2719,1
3509,1
6189,1
2136,1
3569,1
853,1
56,1
1722,1
5771,1
139,1
4643,1
5471,0
4134,1
2948,1
4933,1
5576,1
3698,1
1889,1
1949,1
6276,1
3623,1
5303,1
3593,1
521,1
2344,1
5662,1
5985,1
2086,1
4437,1
2105,1
3518,1
2691,1
847,1
5593,1
6323,1
1148,1
3381,1
1763,1
41,1
3883,1
6008,1
3147,1
2295,1
3209,1
6097,1
4646,1
3914,1
4111,1
4702,1
1977,1
2370,1
1628,1
651,1
6040,1
4499,1
5884,1
2977,1
1281,1
6198,1
4763,1
2306,1
301,1
3673,1
4280,1
3735,1
587,1
2444,1
663,1
2695,1
5824,1
544,1
1493,1
6074,0
5911,1
2709,1
5006,1
3618,1
6154,1
3838,1
1550,1
1059,0
5880,1
4481,1
4439,1
2107,1
3763,1
2682,1
6123,1
1632,1
3533,1
5085,1
5037,1
1743,1
2973,1
6294,1
3644,1
5574,1
49,1
6338,1
4404,1
3063,1
1599,1
1019,1
250,0
22,1
5245,1
4426,1
3614,1
6022,0
2328,1
5436,1
1556,1
2545,1
3544,1
3515,1
2311,1
5188,1
2258,1
333,1
5979,1
4256,1
1411,1
4116,1
1305,1
4230,1
1332,1
4742,1
3524,1
697,1
4007,1
1342,1
4923,1
4224,1
5570,1
4464,1
5136,1
4559,1
5433,1
1084,1
3718,1
5916,1
196,1
1441,1
2525,1
3894,1
5186,1
2620,1
1534,1
4737,1
721,1
4356,1
3239,1
3282,1
334,1
5328,1
6232,1
29,1
5634,1
2027,1
1883,1
3889,1
3088,1
4145,1
6261,0
6474,1
3356,1
2931,1
3165,1
4675,1
5881,1
5318,1
4973,1
6361,1
6349,1
5468,1
2543,1
2002,1
1554,1
940,1
1096,1
1316,1
4817,1
4549,1
3603,1
4864,1
5929,1
4717,1
2645,1
4988,1
4665,1
2065,1
6282,1
5262,1
43,1
6266,1
3118,1
1548,1
2717,1
330,1
982,1
4681,1
3042,1
753,1
2170,1
1698,1
2839,1
2285,1
3398,1
4421,1
3957,1
1410,1
121,1
3633,1
2402,1
4321,1
2664,1
6297,1
5211,1
1219,1
2145,1
5872,1
6416,1
6047,1
2290,1
2512,1
1438,1
2888,0
5628,1
4854,1
4822,1
3536,1
907,1
2163,1
5202,1
4389,0
610,1
35,1
1536,1
3038,1
5783,1
2197,1
463,1
3238,1
458,1
3464,1
3434,1
1804,1
4407,1
997,1
3220,1
4021,1
5123,1
925,1
5761,1
6378,0
2301,1
1447,1
5690,1
3366,1
1184,1
1855,1
4940,1
4153,1
21,1
2358,1
4126,1
703,1
3857,1
4143,1
4461,1
3427,1
4347,1
2648,1
402,1
1712,1
6304,1
2495,1
4577,1
5190,1
5614,1
3616,1
1647,1
3853,1
66,1
524,1
1363,0
92,1
3384,1
5475,1
6091,1
2911,1
722,1
1024,1
5682,1
2904,1
3690,1
2781,1
5412,1
2571,1
5635,1
198,1
4326,1
5604,1
314,1
5632,1
5737,1
5511,1
1230,1
5585,1
5410,1
3749,1
4121,1
1937,1
6146,1
1063,1
450,1
354,1
4000,1
4539,1
1668,1
855,1
3646,1
2167,1
2458,1
5310,1
2439,1
528,1
5917,1
3122,1
6462,1
5443,1
5596,1
2053,1
830,1
3002,1
4928,1
2356,1
944,1
2842,1
3249,1
5508,1
4502,1
81,1
5086,1
5598,1
1465,1
4509,1
1721,1
2106,1
4693,1
2668,1
2672,1
2239,1
6153,1
2226,1
6007,1
4213,0
3840,1
3492,1
2096,1
6081,1
5843,1
4680,0
1705,1
3075,1
1340,1
1723,1
5681,1
2504,1
4225,1
5912,1
3664,1
2883,1
5459,1
1075,1
5149,1
2874,1
3400,1
6480,1
3401,1
2536,1
146,1
2578,1
1818,1
2670,1
328,1
1354,1
5536,1
1133,1
873,0
4269,1
2396,1
1858,1
3598,1
1487,1
3302,1
4876,1
4138,1
4605,1
44,1
4957,1
5200,1
3810,0
2797,1
4212,0
3226,1
5067,1
5685,1
5657,1
2787,1
2774,1
4838,1
2166,1
1985,1
3463,1
6048,1
3973,0
6121,1
1284,1
2705,1
4056,1
2880,1
1665,1
6223,1
1111,1
3469,1
1954,1
764,1
1917,1
5456,1
4032,1
2141,1
5340,1
3657,1
3036,1
6037,1
4710,1
5405,1
758,1
1056,1
2800,1
2050,0
2826,1
3708,1
5415,0
3570,1
5462,1
5409,1
3760,1
5720,1
6287,1
977,1
5848,1
2269,1
349,1
1380,1
5467,1
2559,1
3904,1
78,1
5755,1
2441,1
2555,1
1503,1
1659,1
3613,1
4740,1
6334,1
3871,1
4297,1
170,1
1428,1
4386,1
2302,1
270,1
63,1
3085,1
4147,1
2990,1
5156,1
4564,1
4552,1
3527,1
2169,1
2467,1
817,1
356,1
441,1
4164,1
2892,1
2318,0
787,1
6054,1
4199,1
6286,1
2365,1
3493,1
2074,1
3543,1
5742,1
1895,1
1217,1
1420,0
5554,1
2887,1
5706,1
6129,1
1497,1
5013,1
2155,1
6373,1
3989,1
3,1
2657,1
620,1
3339,1
890,1
4501,1
6188,1
1408,1
2395,1
5029,1
961,1
2227,1
2062,1
2828,1
5001,1
1857,1
1271,1
6360,1
1231,1
4866,1
2393,1
1468,1
5018,1
959,1
4095,1
4602,1
2822,1
2171,1
4109,1
4915,1
757,1
4352,1
4664,1
6488,1
2960,1
5247,1
1442,1
2946,1
6253,1
3782,1
1975,1
1801,1
4319,1
3965,0
237,1
6420,1
3803,1
1644,1
3696,1
4607,1
1694,1
4597,1
1371,1
527,1
2327,1
886,1
5509,1
2591,1
5922,1
1720,1
1952,1
1584,1
4052,1
4414,1
1968,1
599,1
2937,1
2041,1
434,1
1670,1
512,1
2600,1
283,1
5505,1
5746,1
2424,1
6279,1
4965,1
3559,0
127,1
1934,1
5555,1
5070,1
93,1
6144,1
6430,1
1518,1
2314,1
2231,1
2088,1
5548,1
3358,1
1562,1
1969,1
3752,1
5089,1
6117,1
4630,1
4204,1
5481,1
2064,1
4292,1
5430,1
3225,1
6386,1
5692,1
4640,1
1413,1
5895,1
4678,1
1517,1
1461,1
5727,1
39,1
406,1
4714,1
597,1
5228,1
71,1
2909,1
4197,1
2966,1
3222,1
5779,1
3150,1
4207,1
4266,1
5777,1
5618,1
3172,1
1596,1
3121,1
2967,1
2487,1
5314,1
2481,1
1377,1
785,1
4330,1
5396,1
3438,1
3601,1
5237,1
2018,1
5461,1
502,1
4062,1
3397,1
4137,1
5624,1
5364,1
2310,1
4674,1
2729,1
6375,1
795,1
1262,1
859,1
3407,1
1714,1
2776,1
5210,1
300,1
1270,1
5847,1
3246,1
3128,1
2588,1
4314,1
1333,1
5241,1
4216,1
4294,1
657,1
3886,1
2587,1
5194,1
958,1
4038,1
3791,1
6160,1
3422,1
4551,1
921,1
103,1
1177,1
1,1
630,1
4324,1
1149,1
2799,1
3333,1
34,1
4205,1
1366,1
4594,1
5275,1
3825,1
2646,1
4181,1
5798,1
2024,1
28,1
5886,1
2469,1
2447,1
323,1
5826,1
3750,1
3284,1
2815,1
4396,1
143,1
2994,1
3602,1
493,1
1616,1
5317,1
926,1
1573,1
3573,1
2684,1
4546,1
4008,1
1826,1
5342,1
6228,1
6217,1
4971,0
3155,1
5519,1
4210,1
3136,1
1768,1
2284,1
1920,1
3296,1
4432,1
1240,1
3269,1
4308,1
1029,0
1417,0
10,1
1390,1
105,1
6464,1
1612,1
2612,1
4596,1
435,1
421,1
1627,1
1527,1
2082,1
5094,1
1244,1
295,1
723,1
5842,1
3289,1
2643,1
5767,1
6336,1
1423,0
2514,1
452,1
1959,1
1825,1
4409,1
30,1
835,1
4304,1
5392,1
3293,1
3104,1
494,1
1992,1
5221,1
2066,1
2341,1
3408,1
6388,1
2181,1
2100,1
6366,1
2736,1
5395,1
3060,1
1777,1
3739,1
1131,1
6316,1
2742,1
4151,1
3029,1
5787,1
3591,1
5133,1
2357,1
2726,1
1884,1
1967,1
6152,1
6278,1
3916,1
5589,1
1758,1
5665,1
4022,1
550,1
1703,1
489,1
2401,0
324,1
772,1
236,1
312,1
5483,1
3472,1
2914,1
4243,1
4886,1
2818,0
5181,1
5439,1
3303,1
845,1
519,1
5455,1
4853,1
2596,1
4818,1
1872,1
3062,1
5502,1
5725,1
5738,1
2483,1
2334,1
1987,1
1913,1
1525,1
740,0
2863,1
2120,1
4903,1
5036,1
5234,1
2807,1
6237,1
3005,1
2494,0
1352,1
5250,1
4587,1
929,1
563,1
507,1
1624,1
6271,1
1359,1
2217,1
1129,1
6196,1
6181,1
6120,1
612,1
754,1
5330,1
5670,1
687,0
4610,1
1757,1
5031,1
4366,1
6302,1
970,1
3843,1
1574,0
1898,1
2978,1
2475,1
6118,1
2246,0
4363,1
2979,1
3441,1
5904,1
706,1
4819,1
1185,1
2734,1
566,1
2108,1
5561,1
5205,1
5877,1
6421,1
1364,1
2146,1
15,1
622,1
533,1
2350,1
2631,1
1811,1
1658,1
3844,1
955,1
3615,1
485,1
5011,1
832,1
2748,1
3715,1
3099,1
2049,1
2862,1
4504,1
3357,1
4290,1
2261,1
5320,1
2511,1
3637,1
1403,1
826,1
4247,1
5109,1
1830,1
1955,1
4878,0
1066,1
1861,1
4182,1
1012,1
4543,1
246,1
4531,1
1673,1
1292,1
4959,1
100,1
3660,1
3456,1
655,1
6367,0
2134,1
5500,1
1343,1
4148,1
3133,1
5046,1
3330,1
2653,1
191,1
1109,0
4018,1
605,1
2534,1
5832,1
6478,1
1119,1
665,1
2484,1
781,1
2592,1
1448,1
1409,1
2765,1
1028,1
1358,1
6473,1
3214,1
2970,1
4446,1
816,1
6137,0
6243,1
3902,1
5438,1
4276,1
5831,1
5772,1
2219,1
183,1
266,1
2034,1
836,1
5423,1
2500,1
6337,1
296,1
3687,1
3692,1
6371,1
3370,1
4281,1
927,1
6203,1
4328,1
3343,1
3290,1
2391,1
3880,1
3082,1
3182,1
6016,1
4558,1
1186,1
2052,1
1796,1
1555,1
5991,1
5091,1
4719,1
1905,1
2300,1
3501,1
6395,1
3918,1
6213,1
4047,1
6148,1
4796,1
917,1
4980,1
5252,1
6355,1
3816,1
625,1
5659,1
4810,1
2351,1
3031,1
31,1
1814,1
2637,1
1787,1
3346,1
3549,1
3503,1
5733,1
2899,1
350,1
6220,1
4654,1
4015,1
3071,1
6079,1
326,1
2935,0
5019,1
2323,1
4913,1
6130,1
3568,1
755,1
2694,1
5602,0
4660,1
5507,1
4385,1
4086,1
3137,1
6485,1
6171,1
3797,1
439,1
4358,1
2280,1
480,1
2656,0
2654,1
2819,1
5960,1
4271,1
2091,1
2212,1
3230,1
782,1
897,1
2632,1
2366,1
5694,1
6084,1
829,1
6038,1
1276,1
4805,1
6227,1
1454,1
2706,1
4014,1
1345,1
546,1
4850,1
4507,1
6088,1
5776,1
1198,1
542,1
2708,1
4645,1
1784,1
3471,1
52,1
1171,1
6329,1
3754,1
1112,1
6381,1
4380,1
4778,1
3432,1
3826,1
3306,1
5940,1
1418,1
3460,1
2520,1
2137,1
2078,1
2287,1
2263,1
638,1
5079,1
3746,1
277,1
3061,1
5198,1
1000,1
5530,1
5556,1
6359,0
1697,1
2132,1
6009,1
2319,1
1692,1
6241,1
1349,0
2759,1
5923,1
278,0
4429,1
3642,1
153,1
3589,1
3301,1
2669,1
3677,1
579,1
4671,1
5487,1
3052,1
710,1
3478,1
5488,1
4692,1
4048,1
4554,1
346,1
4639,1
6303,1
4049,1
3709,1
986,1
823,1
2440,1
2567,1
5936,1
1047,1
1667,1
3261,1
2061,1
2113,1
455,1
338,1
5302,1
5717,1
2014,1
5558,1
2936,1
3297,1
369,1
4920,1
4691,1
4085,1
5705,1
2299,1
6145,1
2718,1
1285,1
879,1
4677,1
759,1
2338,1
6029,1
2855,1
6264,1
2121,1
3176,1
3043,1
567,1
1429,1
4830,1
3977,1
4769,1
3189,1
1708,0
3584,1
126,1
255,1
4174,1
2262,1
245,1
4104,1
4634,1
5304,1
6229,1
5270,1
2893,1
1288,1
3158,1
131,1
6050,1
1117,1
5479,1
714,1
2921,1
3092,1
3783,1
5638,1
4171,1
5393,1
3773,1
91,1
1118,1
3704,1
2857,1
4206,1
470,1
783,1
891,1
4715,1
4459,1
4877,1
935,1
2468,1
4215,1
930,1
5004,1
3288,1
5975,1
1309,1
1851,1
3610,1
922,1
6401,1
1304,1
1115,1
4484,1
3194,1
216,1
5398,1
5049,0
5298,1
743,1
3971,1
5059,0
3901,0
1365,1
3991,1
6343,1
6380,0
1189,1
6351,1
3173,1
5199,1
1331,1
5448,1
998,1
2573,1
4687,1
692,1
1485,1
5215,1
5629,1
3833,1
5301,1
960,1
2390,1
1369,1
2652,1
6099,1
3341,1
1268,1
956,1
1615,1
5494,1
1191,1
3858,1
4989,1
906,0
2346,0
243,1
265,1
4766,1
6439,1
1376,1
3016,1
3759,1
6262,1
5518,1
5901,1
2941,1
6306,1
5130,1
3210,1
908,0
1434,1
4684,1
6402,1
3347,1
4637,1
5142,1
5146,1
1375,1
5827,1
2871,1
5735,1
3717,1
5419,1
4644,1
389,1
4378,1
5271,1
1709,1
2433,1
1951,0
3995,1
5964,1
3942,1
4870,1
340,1
4762,1
4118,1
3983,1
2754,1
2998,1
3202,1
5745,1
4757,1
1489,1
3832,1
1299,1
2456,1
6096,1
4492,1
3426,1
4465,1
5464,1
5616,1
2431,1
5276,1
3576,1
215,1
968,1
822,1
3821,1
2900,1
475,1
4473,1
4273,1
1383,1
5452,1
1196,1
1160,1
6454,1
3980,1
3688,1
3799,1
1569,1
101,1
3387,1
5261,1
4784,1
2697,1
1835,1
4751,1
5586,1
6186,1
4055,1
1181,1
1382,1
6486,1
4650,1
653,1
2162,1
2205,1
1301,1
4872,1
6226,1
3519,1
3854,1
4084,1
589,1
5174,1
95,1
3932,1
2806,1
2635,1
4647,1
23,1
4561,1
4325,1
4491,1
4334,1
510,1
336,1
551,1
4793,1
3185,1
2214,1
1645,1
2982,1
4477,1
6020,1
1310,1
808,1
1524,1
1902,1
3781,1
2993,1
263,1
1806,1
5355,1
4753,1
1687,1
6128,1
905,0
18,1
3517,1
895,1
1484,0
5661,1
3112,1
5391,1
2847,1
5334,1
2641,1
5963,1
3866,1
3144,1
2613,1
19,1
6260,1
3487,1
158,1
4020,0
5087,1
2983,1
4695,1
3720,1
5118,1
267,1
1507,1
4192,1
2309,1
2687,1
4831,1
2845,1
3089,1
938,1
4921,1
2615,1
2026,1
4054,1
511,1
6308,1
4135,1
1865,1
1909,1
4311,1
2630,1
4930,1
1379,1
3662,0
848,1
887,1
1973,1
3563,1
2923,1
5997,1
3417,0
5921,1
2681,1
4586,1
5611,1
3019,1
673,1
3729,1
86,1
186,1
6172,1
5350,1
4887,1
3430,1
135,1
4979,1
4340,1
936,1
4860,1
6254,1
3402,1
2056,1
2659,1
5246,1
5061,1
924,1
552,1
3609,1
1466,1
4434,1
4371,1
5348,1
4251,1
268,1
3483,1
2689,1
1151,1
2418,1
4451,1
1672,1
4649,1
6006,1
8,1
1589,1
2406,1
2046,1
2537,1
576,1
1402,1
5874,1
1606,1
1544,1
1462,1
2182,1
4393,1
2461,1
1776,1
5517,1
4035,1
1880,1
577,1
1794,1
1785,1
5898,1
4278,0
1415,1
1068,1
3325,1
481,1
1134,1
385,1
5155,1
408,1
3138,1
5207,1
3769,1
4219,1
4133,1
4506,1
4235,1
1890,1
2173,1
3599,1
4744,1
3262,1
3909,1
1267,1
4779,0
3547,1
2582,1
1247,1
4982,1
2472,1
2860,1
1728,1
5809,1
2848,1
582,1
5550,1
467,1
2087,1
3770,0
4792,1
6194,1
3713,1
2454,1
3935,1
3924,1
362,1
2603,1
980,1
6068,1
1679,1
1025,1
4463,1
381,1
4374,1
803,1
274,1
4888,1
3675,1
5441,1
4659,1
5491,1
595,1
4618,1
5227,1
4985,1
3701,1
4026,1
6057,1
500,1
5591,1
3508,1
554,1
1545,1
2057,1
661,1
2408,1
3449,1
2647,1
4651,1
3109,0
1984,1
4614,1
1669,1
3442,1
5333,1
2724,1
5184,1
939,1
3638,1
2756,1
1303,1
2930,1
273,1
4572,1
639,1
4698,1
2186,1
5712,1
5416,1
1613,1
108,1
1663,1
1273,1
5105,1
6330,1
5229,1
2934,1
1844,1
1848,1
4191,1
6435,1
5957,1
5039,1
2044,1
5760,1
5214,1
1563,1
3000,1
3757,1
4160,1
2253,1
1098,1
305,1
4392,1
1357,1
2798,1
4485,1
4322,1
4533,1
224,1
1246,1
2790,1
4226,1
5905,1
3960,1
3775,1
3259,1
1638,1
4074,0
3648,1
4234,1
4480,1
1014,1
2522,1
1859,1
2906,1
2035,1
3403,1
365,1
4069,1
2542,1
1924,0
731,1
6071,1
4894,1
3368,1
3564,1
353,1
2791,1
840,1
190,1
3765,1
1481,1
6192,1
3081,1
1077,1
2949,1
5695,1
5753,1
4012,1
3676,1
70,1
1983,1
1453,1
4658,1
5134,1
3500,1
5289,1
952,1
1961,1
4189,1
509,1
1577,0
1498,1
1540,1
2728,1
1101,1
4108,1
390,1
388,1
5636,1
3217,1
3423,1
3373,1
4568,1
871,1
1504,1
6124,1
864,1
2411,1
4905,1
3514,1
5854,1
3667,1
4686,0
2373,0
3882,1
6165,1
6161,0
1137,1
2539,1
2278,1
4858,1
1570,1
1407,1
2589,0
3340,1
290,1
429,1
5103,1
380,1
5756,1
4141,1
5888,1
4253,0
327,1
1869,1
2662,1
5376,1
5846,1
1258,1
1996,1
4163,1
5413,1
2995,1
3560,1
688,1
4553,1
6492,1
2704,1
6289,1
4574,1
4435,1
4344,1
3329,1
4828,1
4534,1
4802,1
1775,1
3964,1
3597,1
2784,1
1509,1
1307,1
2750,1
3307,0
6370,1
4267,1
4475,1
2101,1
2325,1
4758,1
1881,1
713,1
3778,1
689,1
4510,1
5335,1
5259,1
4238,1
4381,1
4863,1
5729,1
5606,1
6411,1
1528,1
2746,1
4040,1
3497,1
2221,1
32,1
3617,1
3030,1
5178,1
4666,1
5313,1
726,1
2361,1
2363,1
5501,1
37,1
1896,1
5283,1
3885,1
2156,0
2153,1
5660,1
3213,1
1891,1
4408,1
3316,1
6333,1
2554,1
1963,1
2405,1
2124,1
3706,1
3953,1
3595,1
325,1
1995,1
613,1
5463,1
5338,1
1099,1
1850,1
2964,1
2984,1
4161,1
1040,0
2540,1
2738,1
6384,1
178,0
5377,1
2009,1
4029,1
5375,1
4172,1
199,1
2151,1
725,1
2783,1
3276,1
5781,1
5043,1
627,1
3900,1
4656,1
2803,1
1933,1
3057,1
6028,1
3278,1
3628,1
6101,1
4585,1
115,0
4401,1
3587,1
1336,1
2020,1
2680,1
306,1
6095,1
629,1
4746,1
5065,0
679,1
2210,1
3920,1
4855,1
3184,1
262,1
5157,1
5399,1
2834,1
3236,1
1585,1
3693,1
83,1
5510,1
308,1
1754,1
4123,1
4540,1
3999,1
5442,1
2174,1
144,1
3072,1
6112,1
5274,1
1457,1
3351,1
2618,1
5852,1
1473,1
5295,1
3174,1
965,1
2414,0
1630,1
2286,1
416,1
2283,1
4288,1
2805,1
6077,1
5217,1
4387,1
1773,1
4760,1
4579,1
2372,0
648,1
2702,1
1008,1
5063,1
5408,1
5426,1
1401,1
1860,1
4673,1
1162,1
5232,1
1887,1
5927,1
5466,1
1302,1
468,1
1988,1
298,1
1500,1
4629,1
4542,1
2177,1
1486,1
64,1
1147,1
1798,1
2762,1
4146,1
36,1
4672,1
3342,1
2277,1
1944,1
2951,1
3851,1
875,1
2060,1
2655,1
2788,1
2907,1
2434,1
5743,1
4343,1
3371,1
5170,1
5954,1
4009,1
1092,1
5920,1
2148,1
3280,1
5931,1
5171,1
1195,1
5621,1
5030,1
4039,0
1460,1
4359,1
745,1
2590,1
6191,0
5894,1
5597,1
5992,1
5520,1
3767,1
2944,1
6483,1
3433,1
5104,1
535,1
1010,1
1942,1
844,1
6002,1
1065,1
5902,1
80,1
4087,1
1026,1
5264,1
4767,1
6206,1
4663,1
4906,1
2760,1
4909,1
4080,1
2235,1
4613,1
4067,1
623,1
4911,1
3896,1
3907,1
1495,1
807,1
2248,1
3663,1
6222,1
1772,1
3207,1
3105,1
5686,1
945,1
5967,1
5051,1
6376,0
4027,1
504,1
4265,1
3470,1
503,1
3298,1
4395,1
4523,1
1655,1
1426,1
4991,1
719,1
233,1
954,1
2383,1
1799,1
6285,1
5326,1
2103,1
4193,1
1373,1
4700,1
666,1
5651,1
1494,1
1685,1
3562,1
1962,1
3315,1
4122,1
3785,1
1520,1
4749,1
5866,1
3429,1
5805,1
2187,1
658,1
272,1
992,1
4950,1
1960,1
5969,1
3745,1
6460,1
2130,1
6231,1
4413,1
1839,1
3462,1
2043,1
1888,1
2594,1
1398,1
2856,1
6107,1
788,1
866,1
3455,1
4341,1
1842,1
4299,1
6193,1
5565,1
1820,1
3888,1
5163,1
675,1
2425,1
4023,1
2150,1
5437,1
5078,1
5909,1
409,1
1941,1
1587,1
3520,1
2606,1
6309,1
219,1
5373,1
529,1
2316,1
2355,1
156,1
134,1
2369,1
1172,1
5329,1
2252,1
2229,1
6277,1
4399,1
6442,1
4795,1
2867,1
770,1
25,1
4303,1
377,1
4286,1
2179,1
6116,1
4357,1
4867,1
5040,1
3550,1
1306,1
5185,1
815,1
6377,1
4044,1
3445,1
5129,1
4059,1
6350,1
4277,1
5140,1
3010,1
2303,1
4889,1
5492,1
2011,1
5075,1
4500,1
4261,1
4599,1
1116,1
5431,1
137,1
705,1
6259,1
4641,1
3575,1
1681,1
3388,1
2547,1
6163,1
5281,1
404,1
318,1
5525,1
1224,1
1926,1
1684,1
572,1
3496,1
2294,1
1547,1
5100,1
4835,1
5117,1
4293,1
1228,1
1542,1
3726,1
1964,1
2804,1
5054,1
4756,1
4786,1
5828,1
1566,1
3731,1
4307,1
5048,1
2320,1
3976,1
104,1
1480,1
2335,1
3674,1
2118,1
5869,1
3897,1
4978,1
2642,1
5943,1
4440,1
6238,1
5165,1
1774,1
2213,1
208,1
1298,1
3905,1
5223,1
4530,1
2597,1
5324,1
6459,1
645,1
4259,1
3192,1
3447,1
3135,1
517,1
193,1
570,1
6013,1
1726,1
2932,1
813,1
4946,1
5958,1
3876,1
4053,1
6352,1
2247,1
5005,1
1531,1
5057,1
2399,1
4250,1
571,1
3619,1
763,1
6387,1
796,1
6496,1
2313,1
2098,1
6305,1
192,1
860,1
1539,1
3206,1
3283,1
5381,1
1015,1
2897,1
2735,1
4185,1
5022,1
4865,1
2038,1
446,1
828,1
1110,1
4770,1
2254,1
1265,1
102,1
3440,1
6011,1
532,1
3890,1
4724,1
6252,1
943,1
2397,1
355,1
4891,1
6182,1
3812,1
2207,1
3943,1
4600,1
4707,1
3635,1
4282,1
217,1
1989,1
5151,1
2233,1
2740,1
5673,1
5830,1
659,0
1532,1
5773,1
6365,0
531,1
2168,1
3018,1
6379,1
2245,1
1788,1
5701,1
2638,1
1633,1
973,1
4871,1
5699,1
2282,1
5128,1
1746,1
1444,1
6170,1
174,1
6015,1
2125,1
2192,1
1792,1
2259,1
1990,0
3805,1
2032,1
5325,1
264,1
4845,1
793,1
4420,1
4808,1
6419,0
2165,1
1741,1
1017,1
342,1
3331,1
2685,1
165,1
4804,0
4676,1
942,1
5387,1
1841,1
1795,1
2711,1
3990,1
5420,1
2515,1
1674,1
280,1
3600,1
1210,1
601,1
6141,1
2378,1
669,1
1829,1
1036,1
5590,1
1388,1
1629,1
5506,1
2055,1
2492,1
4669,1
6224,1
5688,1
5016,1
6127,1
4082,1
3652,1
1677,1
437,1
1822,1
5908,1
6310,1
1885,1
1178,1
6374,1
2298,1
2532,0
5428,1
5652,1
4811,1
195,1
5093,1
5308,1
3874,1
3221,1
1824,1
4390,1
6183,1
200,1
3175,1
4411,1
1502,1
4513,1
1385,1
152,1
4900,1
5693,1
4869,1
1278,1
5472,1
3399,1
3741,1
5131,1
700,1
4398,1
206,1
2333,1
1033,1
3108,1
6175,1
1622,1
2270,1
2830,1
1911,1
684,1
5360,1
618,1
598,1
3955,1
4569,1
3494,1
72,1
2297,1
650,1
6339,1
2090,1
767,1
5150,1
4745,0
2012,1
3740,1
4450,1
3113,1
506,1
1188,1
1215,1
347,1
4120,1
5023,1
4431,1
1437,1
1904,1
3540,1
3048,1
4237,1
123,1
1057,1
5528,1
5357,0
4824,1
1138,1
3211,1
865,1
1275,1
2627,1
1150,1
790,1
4410,1
4362,1
1058,1
3489,1
6353,1
129,1
2409,0
3725,1
3934,1
5385,1
1164,1
5485,1
1876,1
5889,1
1678,1
5802,1
843,1
1765,1
1214,1
6422,1
1256,1
451,1
3829,1
292,1
1130,1
1322,1
581,1
3481,1
775,1
204,0
5374,1
4556,1
6274,1
5379,1
310,1
5440,1
3148,1
5427,1
231,1
1213,1
2700,1
351,1
5934,1
297,1
3435,1
2551,1
6489,1
4847,1
4893,1
4223,0
736,1
920,1
474,1
288,1
3498,1
2595,1
3041,1
5003,1
2832,1
1050,1
5127,1
2274,1
197,1
2836,1
4896,1
5728,0
857,1
6024,1
5837,1
6209,1
1286,1
730,1
3926,1
3375,1
2988,1
3232,1
88,1
6457,1
3577,1
1146,1
4417,1
614,1
3513,1
923,1
931,1
2003,1
4073,1
1711,1
6177,1
5620,1
5307,0
1780,1
2548,1
3458,1
1738,1
4400,1
4592,1
5071,1
1054,1
2430,1
4655,1
1557,1
1819,1
4149,1
3827,1
5719,1
4102,1
5147,1
2359,1
110,1
5700,1
1190,1
5268,1
42,1
2650,1
3292,1
4743,1
6103,1
4418,1
4529,1
3641,1
4689,1
1042,0
5577,1
2164,1
4563,1
1953,1
5158,1
1368,1
1661,1
4070,1
1657,1
3084,1
2464,1
995,1
780,0
1991,1
3114,1
5176,1
5739,1
4588,1
3273,1
319,1
600,1
1821,1
2095,1
3415,1
5372,1
2925,1
3834,1
5732,1
4298,1
4833,1
5810,1
3820,1
5849,1
2509,1
3444,1
3451,1
5568,1
4890,1
5351,1
882,1
4834,1
3855,1
2795,1
3446,1
912,1
2031,1
397,1
6207,1
2450,1
3937,1
1897,1
1730,1
1997,1
2768,1
3940,1
2910,1
2556,1
2159,0
4332,1
6409,1
2330,1
5138,1
2565,1
2354,1
3410,1
2733,1
6051,1
5196,1
2476,1
3151,1
3839,1
3083,1
5678,1
6001,1
96,1
2963,1
545,1
1919,1
2403,1
2777,1
5344,1
1261,1
804,1
3203,1
2598,1
2332,1
3968,1
4382,1
667,1
5077,1
6018,1
729,1
2531,0
6105,1
776,1
874,1
635,1
708,1
6410,1
2445,1
4961,1
4882,1
5418,1
611,1
5451,1
4233,1
1120,1
3181,1
1229,0
5527,1
302,1
1153,1
5726,1
5280,1
4976,1
2013,1
4813,1
1974,1
6469,1
2605,1
854,1
616,1
5664,1
4453,1
4781,1
3258,1
1163,1
5718,1
5110,1
3847,1
428,1
3992,1
4279,1
4880,1
2521,1
2437,1
3566,1
5762,1
3160,1
985,1
6150,1
4547,1
5537,1
2030,1
227,1
1601,1
5010,1
2276,1
5647,1
6415,1
5382,1
3313,1
2859,1
5641,1
4346,1
169,1
4369,1
6342,1
541,1
5640,1
4528,1
1350,1
5543,1
4829,1
2094,1
4474,1
6426,1
4272,1
1710,1
974,1
2853,1
5862,1
4603,1
3742,1
6340,1
2453,1
3743,1
2775,1
2114,1
1641,1
2576,1
5526,1
4240,1
2721,1
1018,1
6053,1
3477,1
1718,0
1125,1
430,1
2865,1
6236,1
4177,1
5532,1
5656,1
5855,1
899,1
4943,0
712,1
2696,1
2404,1
771,1
538,1
6201,1
5041,1
5108,1
5288,1
1051,1
5421,1
5082,1
1392,1
3947,1
1713,1
3672,1
7,1
3521,1
6026,1
6187,1
2477,1
5671,1
1290,1
2190,1
1121,1
4868,1
1374,1
2364,1
949,1
6265,1
6468,1
6433,1
3583,1
6218,1
117,1
2644,1
4489,1
2371,1
2,1
4990,1
1863,1
17,1
2196,1
2945,1
3074,1
1619,1
2242,1
3012,1
6035,1
4241,1
1608,1
1592,1
3465,1
4098,1
241,1
6449,1
4914,1
6272,0
5035,1
87,1
3864,1
401,1
1631,1
1666,1
762,1
3488,1
1682,1
6357,1
2767,1
6281,1
2861,1
4214,1
6221,1
5060,1
4310,1
13,1
2599,1
5009,1
1236,1
575,1
2435,0
1106,1
1165,1
6288,1
5559,1
6324,1
744,1
4962,1
2629,1
4975,1
749,1
670,1
448,1
387,1
872,1
4097,1
4350,1
4521,1
1751,1
1311,1
4803,1
4024,1
2071,1
2204,1
5644,1
3695,1
4476,1
1103,1
5794,1
5224,1
568,1
1643,1
1761,1
5120,1
4125,1
3319,1
5143,1
5711,0
4936,0
505,1
5101,1
1935,1
1783,1
5759,1
6455,1
4397,1
5230,1
5167,1
1204,1
5974,1
1688,0
2955,1
3941,1
4190,1
941,1
5353,1
2149,1
5819,1
1914,1
4759,1
5154,1
1135,1
5319,1
2457,1
6461,1
1249,1
5454,1
1537,1
5239,1
1715,1
3830,1
3959,1
1719,1
5868,1
218,1
1455,1
2878,1
1122,1
3443,1
5144,1
460,1
2025,1
2997,1
5569,1
1650,1
5243,1
188,1
2063,1
3836,1
680,1
5689,1
4612,1
5402,1
149,1
2022,1
376,1
5976,1
2940,1
1521,1
1449,1
6256,1
1621,1
45,1
1982,1
3653,1
5294,1
1142,1
4625,1
739,1
1319,1
419,1
4456,1
4593,1
4541,1
4302,1
1156,1
4532,1
5074,1
1136,1
5666,1
1671,1
1035,1
4736,1
3561,1
784,1
4983,1
315,1
5251,1
6408,1
530,1
683,1
4196,1
1700,1
2692,1
2905,1
3538,1
5116,1
2427,1
239,1
5801,1
1654,1
6073,1
395,1
3044,1
5002,1
4072,1
2530,1
5404,1
5383,1
5763,1
459,1
3270,1
2138,1
724,1
3917,1
5547,1
6403,0
4254,1
5915,1
1030,1
6280,1
3849,1
4360,1
3823,1
4195,1
2604,1
4063,1
6317,1
5248,1
903,1
5282,1
3149,1
3697,1
2622,1
3299,1
214,1
4875,1
4006,1
4348,1
615,1
2198,1
1242,1
5242,1
2516,1
3771,1
4632,1
6245,1
5747,1
4627,1
4257,1
3523,1
701,1
242,1
5460,1
260,1
3665,1
1060,1
1425,1
6431,1
5840,1
4560,1
279,1
2808,1
3241,1
4103,1
869,1
4239,1
5495,1
5926,1
6295,1
2385,1
4768,1
3582,1
1152,0
1755,1
4458,1
4136,1
3167,1
5736,1
2674,1
4486,1
5309,1
2974,1
3842,1
2976,1
2443,1
6332,1
1724,1
5300,1
2326,1
5363,1
2739,1
1381,1
833,1
5203,1
5552,1
3629,1
4423,1
4699,1
2843,1
1771,1
5081,1
210,1
3391,1
2176,1
3724,1
3912,1
2651,1
4013,1
4544,1
5567,1
4668,1
1930,1
2172,1
2812,1
2503,0
2264,1
5020,1
4721,1
5034,1
1250,1
2716,1
1243,1
3411,1
850,1
1061,1
5331,1
5879,1
4508,0
2139,1
5968,1
6270,1
4620,1
4511,1
3050,0
2801,1
2833,1
4057,1
2419,1
499,0
3859,1
2688,1
1372,1
2789,1
422,1
870,1
852,1
888,1
3177,1
3511,1
748,1
4773,1
2111,1
4735,1
5090,1
6487,1
2292,1
2033,1
3612,1
580,1
4512,1
4688,1
4555,1
553,1
3645,1
2623,1
4826,1
2730,1
1225,1
6451,1
962,1
3404,1
1600,1
291,1
6059,1
3944,1
2478,1
3200,1
3353,1
6465,1
2898,1
3245,1
3534,1
4550,1
548,1
6104,1
3585,1
1716,1
5546,1
2498,1
5631,1
2732,1
2677,1
5870,1
3790,1
3468,1
2241,1
3216,1
3132,1
5859,1
359,1
257,1
311,1
6263,1
4442,1
1320,1
6247,1
4416,1
1226,1
5708,1
1779,1
6491,1
2713,1
4595,1
345,1
3751,1
1886,1
4468,1
4912,1
690,0
1274,1
898,1
6458,1
4034,1
4301,1
4176,1
1732,1
5609,1
5615,1
2379,0
4892,1
4879,1
3984,1
3887,1
4448,1
2835,1
4567,1
5064,1
6257,1
4764,1
821,1
4166,1
3051,1
5626,1
1218,1
6312,1
6066,1
5240,1
229,1
4355,1
2722,1
2683,1
1852,1
3079,1
3308,1
693,1
1260,1
3814,1
1817,0
3416,1
4884,1
5595,1
2505,1
1049,1
166,1
3098,1
2470,1
4581,1
3059,1
761,1
3034,1
4296,1
1786,1
3393,1
2017,1
6108,1
1095,1
4264,1
4236,1
1646,1
2144,1
1490,1
6131,0
1222,1
2518,1
4963,1
4051,1
654,1
3348,1
584,1
4537,1
3461,1
534,1
3893,1
497,1
5056,1
727,1
1970,1
2348,1
3344,1
3413,1
1553,1
2610,1
3096,1
5291,1
1200,1
3716,1
4922,1
5111,1
4992,0
2523,1
4268,1
1323,1
4168,1
4662,1
2291,1
674,1
1749,1
2451,1
4929,1
367,1
1846,1
1603,1
2693,1
707,1
6233,1
1458,1
4228,1
5873,1
909,1
4444,1
2255,1
5948,1
4110,1
5803,1
3215,1
4609,0
4705,1
1308,1
814,1
1488,1
3023,1
5932,1
5945,1
4816,1
339,1
3806,1
2143,1
6292,1
539,1
2639,1
1347,1
3199,1
3736,0
508,1
2546,1
2566,1
82,1
4088,1
4494,1
747,1
1508,1
3700,1
6383,1
1297,1
5191,1
6446,1
5477,1
2347,1
1170,1
3186,0
3738,1
202,1
2126,1
2097,1
5017,1
3931,1
5999,1
5853,1
1575,1
4696,1
5551,1
284,1
3954,1
901,1
1656,1
555,1
5260,1
2496,1
132,1
2953,1
46,0
5764,1
2208,1
4571,1
6119,1
1932,1
2001,1
2189,1
486,1
3268,1
3058,1
5924,1
3191,1
916,1
3925,1
2209,1
2109,1
1202,1
5038,1
841,1
2004,1
3979,1
2240,1
5513,1
251,0
3271,1
4791,1
6413,1
4518,1
5083,1
1269,1
1443,1
3035,1
1491,1
591,1
594,1
963,1
1154,0
3196,1
794,1
130,1
5277,1
4582,1
5580,1
704,1
3369,1
3552,1
1840,1
2455,1
5573,1
3352,1
5225,1
185,1
5702,1
1431,1
3780,1
3256,1
465,1
3611,1
3702,1
4457,1
5058,1
4917,1
3180,1
5312,1
5603,1
3636,1
910,1
1396,1
4194,1
4115,1
4617,1
549,1
1360,1
3531,1
6320,1
1812,1
6062,1
789,1
4709,1
6404,1
4718,1
2922,1
4701,1
374,1
984,1
1966,1
211,1
5838,1
6202,1
4305,1
1980,1
1406,1
2084,1
466,1
116,1
4783,1
5950,1
6327,1
947,1
2375,1
3772,1
238,1
5691,1
4218,1
4003,1
501,1
3551,1
4522,1
1598,1
2676,1
3115,1
4284,1
607,1
5658,1
656,1
168,1
778,1
4927,1
6393,1
3154,1
3454,1
3837,1
5235,1
756,1
2841,1
4827,1
3285,1
1750,1
1412,1
2634,1
6021,1
6072,1
2493,0
5296,1
4690,1
213,1
12,1
3903,1
2912,1
4739,1
2761,1
6159,0
1032,1
1289,1
3786,1
5,1
484,1
6032,1
2962,1
4734,1
171,1
1928,1
1626,1
4633,1
4846,1
5359,1
4670,1
5343,1
3921,1
5369,1
2915,1
5871,1
5394,1
2529,1
112,1
4924,1
1836,1
526,0
1324,1
3870,1
4144,1
3056,1
4626,1
223,1
672,1
4090,1
1512,1
4412,1
4752,1
733,1
4045,1
2260,1
222,1
6472,1
4469,1
5654,1
3254,1
5321,1
5388,1
2135,1
4415,1
2462,1
2459,1
5062,1
4562,1
2849,1
1699,1
1093,1
2029,1
596,1
862,1
5741,1
348,1
637,1
752,1
4167,1
4043,1
1823,1
2625,1
1300,1
6156,1
4482,1
361,1
2175,1
172,0
2658,1
281,1
3102,1
1867,1
282,0
3011,1
1253,1
3024,1
1781,0
3808,1
6215,1
3505,1
2230,1
1762,1
1651,1
1043,1
1998,1
1143,1
5173,1
3793,1
1642,1
6436,1
5797,0
6407,1
6427,1
3998,1
1074,1
971,1
163,1
3987,1
2852,1
5112,1
4777,1
1334,1
5883,1
2519,1
1623,1
5623,1
2473,1
407,1
4318,1
5102,1
155,1
3789,1
125,1
2575,1
3643,1
5231,1
4354,1
2786,1
1199,1
253,0
6033,1
141,1
3516,1
6195,1
4186,1
1745,1
6466,1
861,1
159,1
3338,1
4956,1
3266,1
6255,1
2675,1
456,1
1978,1
1183,1
6392,1
2663,1
1791,1
3895,1
4733,1
664,1
26,1
57,1
4787,1
3988,1
1999,1
2636,1
3145,1
3134,1
3632,1
4638,1
4060,1
2755,1
89,1
4119,1
6067,1
3877,1
3970,1
3459,1
2426,1
3080,1
2392,1
593,1
5553,1
3321,1
6063,1
2958,1
6470,1
2809,1
564,1
5515,1
948,0
3332,1
4127,1
1378,1
230,0
5813,1
2412,0
2902,1
5177,1
5953,1
2006,1
6284,1
6335,1
1729,1
5253,1
3198,1
2617,1
4430,1
2586,1
1203,1
1514,1
3710,1
6372,1
1197,1
2872,1
95,2
1727,2
2259,2
5451,2
3412,2
5382,2
2021,2
933,2
2571,2
6474,2
5980,2
5376,2
2117,2
1086,2
4088,2
4132,2
2597,2
2256,2
365,2
4284,2
4423,2
3037,2
2458,2
1327,2
6006,2
3911,2
3428,2
5225,2
3833,2
2661,2
2580,2
5699,2
3515,2
4583,2
4294,2
2365,2
5438,2
2317,2
1762,2
3502,2
935,2
4369,2
4973,2
1934,2
3090,2
417,2
87,2
5485,2
457,2
6460,2
6241,2
2260,2
2638,2
5569,2
1888,2
2309,2
143,2
6448,2
3096,2
1567,2
1777,2
1449,2
4442,2
6230,2
478,2
1994,2
4529,2
750,2
3333,2
980,2
2229,2
1354,2
903,2
3719,2
1529,2
2498,2
4838,2
1771,2
2452,2
6464,2
3388,2
3960,2
81,2
5008,2
3164,2
4715,2
757,2
1497,2
5370,2
3330,2
196,2
3981,2
1204,2
3645,2
1616,2
5961,2
5235,2
481,2
1409,2
1352,2
5880,2
28,2
2663,2
3626,2
2451,2
4739,2
320,2
3022,2
5393,2
459,2
5044,2
913,2
4678,2
5843,2
3622,2
1143,2
6311,2
81,2
3478,2
6252,2
3357,2
6477,2
5488,2
4082,2
2889,2
6241,2
1236,2
4575,2
5672,2
2836,2
2124,2
4708,2
4698,2
1520,2
2854,2
1422,2
5785,2
4096,2
4093,2
4819,2
5965,2
1268,2
237,2
5959,2
300,2
2734,2
903,2
6462,2
5862,2
2430,2
6178,2
3153,2
2882,2
6173,2
4171,2
3830,2
3311,2
4012,2
68,2
448,2
2109,2
5161,2
136,2
5311,2
6483,2
1722,2
5156,2
2059,2
5472,2
751,2
295,2
3314,2
5091,2
1231,2
4268,2
968,2
4486,2
3214,2
6219,2
660,2
4296,2
5337,2
2450,2
2350,2
1964,2
4502,2
3131,2
2706,2
4849,2
1955,2
4546,2
764,2
6425,2
2607,2
2837,2
2528,2
5072,2
4294,2
1171,2
1723,2
4581,2
6304,2
117,2
3990,2
1429,2
3851,2
1121,2
2370,2
802,2
6474,2
5079,2
966,2
5983,2
2845,2
5749,2
51,2
4669,2
1670,2
5421,2
6357,2
4543,2
5628,2
1613,2
6031,2
2375,2
766,2
2057,2
58,2
3153,2
3739,2
1207,2
490,2
5983,2
5587,2
2657,2
1467,2
1054,2
1897,2
3863,2
197,2
1995,2
4377,2
5617,2
4497,2
1776,2
2676,2
4519,2
3847,2
24,2
6186,2
1877,2
137,2
4910,2
2229,2
3869,2
4307,2
37,2
2153,2
3094,2
2208,2
629,2
3511,2
3005,2
629,2
5688,2
2268,2
2197,2
1594,2
5315,2
4477,2
1794,2
5076,2
5305,2
6251,2
1041,2
2549,2
5827,2
1976,2
6455,2
3827,2
3954,2
677,2
3952,2
4517,2
4524,2
5540,2
1514,2
6229,2
186,2
6336,2
5149,2
2542,2
3821,2
5593,2
6211,2
3058,2
6181,2
5577,2
6302,2
5266,2
5751,2
2072,2
5718,2
4325,2
607,2
651,2
86,2
1198,2
4000,2
741,2
850,2
3805,2
5790,2
2002,2
150,2
4613,2
6347,2
6058,2
1820,2
1158,2
97,2
1809,2
5215,2
3874,2
1523,2
1400,2
6490,2
1049,2
4959,2
5971,2
335,2
2875,2
2767,2
1976,2
5536,2
4815,2
6238,2
2203,2
235,2
4340,2
4645,2
5748,2
4501,2
1766,2
2260,2
4646,2
79,2
796,2
2322,2
5903,2
2691,2
5533,2
855,2
3729,2
5442,2
2510,2
6280,2
6472,2
1816,2
4651,2
1614,2
2629,2
4892,2
217,2
134,2
5085,2
2306,2
729,2
6109,2
6371,2
6033,2
999,2
5196,2
2841,2
5843,2
1387,2
5370,2
6306,2
5858,2
6461,2
6150,2
5699,2
6155,2
1226,2
365,2
4771,2
1534,2
5813,2
1929,2
5644,2
5927,2
3480,2
1107,2
1571,2
5166,2
5245,2
5466,2
1302,2
5684,2
931,2
950,2
6147,2
2303,2
920,2
5229,2
1607,2
923,2
5381,2
1119,2
2988,2
4851,2
1467,2
140,2
5463,2
5562,2
1014,2
3929,2
1645,2
4346,2
1628,2
5079,2
1240,2
6178,2
2720,2
2347,2
4875,2
5080,2
2517,2
5236,2
2442,2
4231,2
1804,2
5714,2
6324,2
3846,2
1999,2
1996,2
2559,2
4976,2
2825,2
3566,2
4141,2
5329,2
1185,2
100,2
2343,2
273,2
395,2
6061,2
215,2
3461,2
3863,2
1394,2
2195,2
1125,2
3095,2
4166,2
5657,2
3174,2
2434,2
3142,2
3256,2
4903,2
2310,2
1097,2
2278,2
5306,2
2012,2
5932,2
3575,2
4075,2
5054,2
2206,2
5813,2
5725,2
799,2
206,2
6243,2
5999,2
4,2
6302,2
6055,2
4081,2
123,2
4412,2
4975,2
5881,2
799,2
6225,2
6140,2
2165,2
1826,2
3757,2
3047,2
4344,2
705,2
2716,2
4001,2
4402,2
216,2
3966,2
3404,2
5432,2
6375,2
1771,2
6058,2
548,2
4464,2
4706,2
5315,2
3784,2
5108,2
6305,2
880,2
4340,2
6281,2
149,2
2416,2
4419,2
5213,2
698,2
1973,2
749,2
321,2
193,2
621,2
64,2
1966,2
697,2
4506,2
2101,2
824,2
4541,2
4300,2
6027,2
5193,2
2158,2
6117,2
5426,2
6417,2
1112,2
1831,2
2908,2
366,2
5576,2
3379,2
2045,2
1826,2
3103,2
752,2
2421,2
3952,2
4688,2
1853,2
5246,2
2829,2
5982,2
3968,2
2020,2
2878,2
6274,2
3476,2
3182,2
2653,2
2684,2
2021,2
1791,2
5391,2
5045,2
2212,2
622,2
5144,2
6106,2
5112,2
4612,2
2977,2
4014,2
586,2
1009,2
4044,2
4017,2
1009,2
5102,2
3245,2
3812,2
4240,2
4488,2
4337,2
2127,2
4048,2
2301,2
696,2
4922,2
1023,2
3625,2
423,2
5283,2
1971,2
6292,2
4712,2
6223,2
2259,2
2865,2
4668,2
419,2
6413,2
5874,2
2921,2
4518,2
601,2
279,2
2595,2
2121,2
5712,2
934,2
692,2
5050,2
4204,2
5637,2
3670,2
1198,2
4192,2
4032,2
1172,2
5586,2
4176,2
5624,2
2302,2
1256,2
3614,2
6016,2
4361,2
2235,2
214,2
1013,2
2679,2
1122,2
2542,2
6107,2
1387,2
2222,2
4411,2
4297,2
6015,2
3887,2
4375,2
1957,2
797,2
4065,2
4337,2
2768,2
2940,2
4164,2
5256,2
3077,2
3627,2
5734,2
4541,2
3245,2
5239,2
4929,2
5682,2
2315,2
19,2
5863,2
1220,2
4179,2
3245,2
1761,2
2786,2
4724,2
369,2
4960,2
5656,2
713,2
2642,2
5624,2
2084,2
5086,2
1683,2
3038,2
4055,2
1516,2
2445,2
981,2
1936,2
2162,2
427,2
2741,2
5211,2
5487,2
3550,2
1505,2
4533,2
6194,2
2689,2
4685,2
5636,2
6180,2
4976,2
3975,2
5907,2
1129,2
5526,2
1105,2
4085,2
4088,2
3602,2
6194,2
4552,2
5373,2
2488,2
5409,2
2766,2
2411,2
5134,2
1066,2
70,2
2866,2
5405,2
118,2
1958,2
3725,2
1586,2
3809,2
5795,2
2111,2
882,2
2155,2
3153,2
154,2
4972,2
4749,2
2602,2
3775,2
3865,2
451,2
3165,2
2364,2
885,2
2450,2
5339,2
174,2
2646,2
3279,2
4981,2
4385,2
3982,2
1045,2
4273,2
2950,2
2248,2
3703,2
1416,2
6269,2
2647,2
6480,2
870,2
1123,2
3450,2
446,2
6385,2
5999,2
2728,2
4673,2
1464,2
6344,2
5177,2
3541,2
4688,2
1164,2
1699,2
1802,2
678,2
4071,2
4556,2
4319,2
1693,2
1761,2
5926,2
3234,2
5551,2
4897,2
5870,2
5005,2
4381,2
6308,2
5810,2
3551,2
3260,2
4200,2
1462,2
929,2
2030,2
3097,2
1330,2
1222,2
4766,2
5152,2
6037,2
3436,2
3697,2
1106,2
2128,2
5387,2
5375,2
2748,2
2094,2
5413,2
6003,2
5677,2
2698,2
1748,2
4270,2
4652,2
5726,2
3467,2
5368,2
1672,2
5792,2
3612,2
1221,2
5783,2
1098,2
1390,2
3020,2
5477,2
3625,2
1624,2
2274,2
2679,2
6037,2
884,2
4015,2
3034,2
1704,2
453,2
3895,2
1306,2
1995,2
5208,2
5933,2
1454,2
989,2
171,2
1322,2
3023,2
3162,2
2384,2
5446,2
261,2
4034,2
6352,2
649,2
4513,2
5514,2
2475,2
5335,2
3991,2
6130,2
1763,2
708,2
1532,2
3525,2
3756,2
4399,2
4860,2
5475,2
5236,2
6029,2
4975,2
4969,2
4086,2
2223,2
431,2
1170,2
6217,2
5421,2
3377,2
188,2
1343,2
3623,2
655,2
2182,2
2643,2
4143,2
5791,2
326,2
1645,2
3613,2
2793,2
6201,2
6416,2
2044,2
5958,2
5477,2
1991,2
3456,2
3286,2
3900,2
2554,2
2032,2
3346,2
4623,2
1575,2
2004,2
5908,2
2976,2
783,2
846,2
2854,2
4002,2
4882,2
1108,2
314,2
6033,2
4799,2
195,2
6111,2
4678,2
6401,2
6221,2
4287,2
1416,2
4368,2
188,2
5967,2
2516,2
414,2
6478,2
3328,2
2803,2
1304,2
5026,2
3904,2
6232,2
5030,2
5738,2
252,2
4442,2
5700,2
571,2
1952,2
3474,2
5561,2
5553,2
5321,2
713,2
2802,2
2513,2
5910,2
2624,2
51,2
25,2
3330,2
3842,2
4676,2
2075,2
6352,2
798,2
3890,2
6122,2
1087,2
3212,2
2830,2
4567,2
6430,2
3119,2
4757,2
1852,2
1977,2
3351,2
1505,2
6002,2
1271,2
921,2
3095,2
732,2
2486,2
5679,2
910,2
5828,2
449,2
2749,2
1678,2
3671,2
2646,2
6204,2
5642,2
3311,2
4966,2
2302,2
2941,2
249,2
6076,2
3287,2
2544,2
2458,2
2866,2
3741,2
4456,2
2398,2
3636,2
5644,2
2735,2
2731,2
4539,2
5135,2
377,2
6142,2
5977,2
5747,2
913,2
5453,2
1355,2
4388,2
6268,2
5276,2
1933,2
3106,2
4768,2
4665,2
2030,2
5963,2
2099,2
4352,2
1401,2
2182,2
74,2
2535,2
4163,2
3408,2
151,2
3893,2
1378,2
469,2
1678,2
1589,2
4290,2
2294,2
92,2
1391,2
4243,2
2252,2
2922,2
4090,2
4965,2
497,2
3501,2
2224,2
1444,2
6157,2
4152,2
4356,2
120,2
389,2
4066,2
4218,2
2872,2
1801,2
4462,2
6098,2
6297,2
3077,2
3069,2
4103,2
1750,2
6125,2
3857,2
5549,2
6166,2
5438,2
5570,2
4475,2
2878,2
4202,2
3293,2
2056,2
1978,2
821,2
6447,2
5836,2
393,2
15,2
5223,2
2945,2
5560,2
3181,2
1023,2
1932,2
951,2
19,2
6263,2
2995,2
3395,2
637,2
3485,2
4747,2
2103,2
935,2
67,2
5800,2
807,2
1457,2
1589,2
3142,2
4748,2
5197,2
4515,2
1886,2
4308,2
2378,2
4116,2
1203,2
377,2
5134,2
65,2
1523,2
1306,2
1770,2
881,2
2101,2
4587,2
1705,2
5716,2
3895,2
2260,2
1838,2
512,2
4674,2
2814,2
3562,2
4367,2
1937,2
4856,2
2302,2
6323,2
4708,2
6351,2
3310,2
3905,2
5908,2
2277,2
2248,2
5725,2
4689,2
1640,2
4824,2
1826,2
5397,2
1897,2
4498,2
697,2
1774,2
3905,2
4946,2
3716,2
481,2
5455,2
1612,2
5093,2
2384,2
2205,2
168,2
5962,2
3212,2
887,2
3332,2
4286,2
5336,2
1301,2
303,2
5563,2
4172,2
5211,2
4937,2
1625,2
5116,2
822,2
1103,2
504,2
522,2
4279,2
3600,2
5259,2
4794,2
5112,2
533,2
2584,2
506,2
70,2
4494,2
2591,2
781,2
1222,2
2974,2
691,2
5592,2
5163,2
24,2
229,2
489,2
3005,2
2817,2
334,2
4203,2
1496,2
879,2
165,2
2707,2
3243,2
1212,2
4347,2
5775,2
3806,2
1424,2
4806,2
491,2
3135,2
4227,2
2785,2
903,2
4636,2
2353,2
1358,2
6250,2
3576,2
173,2
5003,2
3435,2
1769,2
1985,2
414,2
2914,2
5457,2
23,2
6220,2
4356,2
503,2
682,2
5103,2
5326,2
5437,2
354,2
3566,2
6250,2
32,2
5092,2
3675,2
756,2
5008,2
3485,2
4626,2
171,2
6318,2
2123,2
3748,2
1582,2
5118,2
3270,2
3463,2
4679,2
5162,2
6192,2
4882,2
5591,2
6014,2
582,2
5517,2
2809,2
1472,2
5668,2
2843,2
6021,2
5573,2
3767,2
409,2
5818,2
5880,2
4880,2
185,2
3960,2
773,2
6318,2
4935,2
4528,2
421,2
5862,2
3386,2
1667,2
4096,2
2723,2
4966,2
2046,2
4851,2
4331,2
1416,2
1824,2
4528,2
3140,2
3859,2
118,2
434,2
4500,2
4003,2
6051,2
5657,2
2762,2
3978,2
1549,2
5762,2
1668,2
4232,2
3534,2
5072,2
1603,2
321,2
2692,2
2293,2
2013,2
58,2
2334,2
1100,2
3272,2
2471,2
37,2
130,2
5169,2
2569,2
6313,2
1218,2
2202,2
4960,2
5322,2
4735,2
5294,2
3257,2
6031,2
5916,2
85,2
3523,2
1776,2
3771,2
4560,2
4388,2
3118,2
1552,2
3793,2
4864,2
1585,2
5229,2
630,2
2726,2
3601,2
3117,2
1576,2
6420,2
796,2
1721,2
1407,2
1264,2
4044,2
2752,2
5110,2
5235,2
400,2
6034,2
4331,2
5908,2
4792,2
229,2
5100,2
5667,2
549,2
2926,2
849,2
3852,2
5915,2
2453,2
580,2
2721,2
2607,2
5476,2
233,2
108,2
1444,2
4673,2
1320,2
381,2
3204,2
2598,2
2449,2
4294,2
4582,2
159,2
4621,2
2727,2
2823,2
5222,2
4245,2
4733,2
2802,2
4667,2
1304,2
3095,2
1305,2
5080,2
5659,2
6487,2
5596,2
4824,2
5641,2
1756,2
830,2
4239,2
6070,2
2491,2
1189,2
5329,2
175,2
3138,2
3231,2
2093,2
6379,2
4081,2
2313,2
3030,2
3766,2
6255,2
1616,2
444,2
1446,2
4128,2
83,2
1335,2
6331,2
3871,2
397,2
2181,2
6453,2
2690,2
4076,2
5589,2
3037,2
4690,2
4616,2
194,2
4050,2
1251,2
767,2
6404,2
5763,2
5838,2
2174,2
2523,2
1022,2
5570,2
3392,2
6266,2
4480,2
1631,2
4980,2
5514,2
6424,2
5011,2
3999,2
6371,2
2673,2
2256,2
6014,2
5905,2
4892,2
3980,2
5817,2
5874,2
5544,2
3340,2
7,2
5376,2
2687,2
1338,2
549,2
5508,2
5712,2
4557,2
4841,2
2596,2
1809,2
970,2
130,2
1057,2
875,2
1238,2
5140,2
3204,2
5444,2
4035,2
1714,2
4660,2
5789,2
4815,2
6322,2
2202,2
449,2
769,2
769,2
5904,2
1296,2
1530,2
2610,2
1093,2
4107,2
5001,2
6162,2
6044,2
6430,2
2947,2
1306,2
3482,2
1767,2
2860,2
2147,2
1606,2
2787,2
6235,2
6363,2
4019,2
5466,2
3151,2
6139,2
5120,2
6435,2
6394,2
1456,2
3801,2
5151,2
5434,2
5132,2
3451,2
3378,2
775,2
4540,2
3612,2
5965,2
579,2
5155,2
2363,2
5148,2
167,2
106,2
5283,2
968,2
5654,2
1912,2
4050,2
3012,2
3170,2
5549,2
270,2
2717,2
2174,2
1639,2
4905,2
1671,2
2737,2
5003,2
1055,2
3655,2
4205,2
4574,2
2482,2
4130,2
3585,2
2099,2
33,2
4772,2
1250,2
3258,2
1425,2
4976,2
2035,2
215,2
3790,2
4409,2
4115,2
5390,2
1948,2
2293,2
3010,2
4424,2
4828,2
4506,2
6322,2
3549,2
3851,2
5615,2
4659,2
857,2
372,2
6034,2
6280,2
1874,2
5762,2
304,2
597,2
419,2
724,2
6106,2
1124,2
3226,2
965,2
5741,2
1671,2
1740,2
2847,2
1550,2
658,2
2473,2
4587,2
1910,2
5335,2
4753,2
5124,2
4458,2
1556,2
47,2
5530,2
894,2
3246,2
6326,2
4996,2
345,2
139,2
3153,2
3410,2
880,2
4474,2
3991,2
5816,2
334,2
1622,2
3011,2
116,2
5120,2
3994,2
3138,2
4596,2
1005,2
5314,2
4158,2
5738,2
2627,2
5353,2
4476,2
1787,2
3240,2
4318,2
3685,2
2777,2
512,2
4606,2
1876,2
6260,2
1156,2
6449,2
2544,2
1571,2
1653,2
3687,2
5237,2
1563,2
5293,2
963,2
2906,2
324,2
1563,2
4791,2
3971,2
4125,2
5077,2
934,2
39,2
2391,2
2034,2
3026,2
1952,2
2244,2
4836,2
4706,2
3416,2
2040,2
6241,2
4879,2
4187,2
5046,2
6209,2
6310,2
6304,2
2645,2
2652,2
3411,2
4924,2
747,2
5267,2
5179,2
673,2
2472,2
3866,2
4963,2
1767,2
3281,2
559,2
1347,2
5044,2
3304,2
1076,2
1987,2
2692,2
3180,2
5404,2
5173,2
3598,2
2768,2
777,2
260,2
2782,2
1634,2
523,2
810,2
1222,2
4474,2
333,2
29,2
5848,2
2499,2
4062,2
5768,2
3558,2
814,2
992,2
104,2
317,2
3738,2
1846,2
4648,2
425,2
508,2
5961,2
4585,2
2058,2
4666,2
3776,2
4295,2
302,2
4842,2
3364,2
6478,2
5355,2
4432,2
5798,2
1515,2
2028,2
4747,2
6415,2
3148,2
903,2
6140,2
2004,2
534,2
4741,2
5596,2
5648,2
4522,2
3386,2
3974,2
437,2
4666,2
4923,2
5629,2
4081,2
4786,2
4552,2
5626,2
93,2
575,2
2874,2
2823,2
1220,2
461,2
3438,2
5453,2
2703,2
4035,2
5836,2
5050,2
519,2
4756,2
51,2
4493,2
921,2
3043,2
4277,2
4974,2
5109,2
6126,2
4206,2
501,2
5530,2
5597,2
3562,2
2785,2
3731,2
1237,2
4657,2
3038,2
4803,2
3651,2
930,2
5449,2
4414,2
1091,2
5826,2
3110,2
5362,2
582,2
1231,2
3807,2
5427,2
6112,2
3160,2
1843,2
4593,2
3191,2
2274,2
4482,2
2764,2
2018,2
5569,2
823,2
1698,2
4160,2
5356,2
4604,2
156,2
128,2
2600,2
4632,2
2207,2
1162,2
296,2
4362,2
4287,2
4385,2
4509,2
4292,2
536,2
1828,2
2215,2
11,2
2832,2
6149,2
6242,2
263,2
673,2
3357,2
5838,2
5300,2
3644,2
1509,2
2667,2
5020,2
5303,2
3913,2
571,2
5652,2
4105,2
4273,2
5195,2
5657,2
5116,2
6345,2
1433,2
6049,2
862,2
6104,2
6287,2
1770,2
894,2
1720,2
4730,2
3860,2
3853,2
2811,2
4299,2
4942,2
591,2
1572,2
5528,2
1301,2
5098,2
3791,2
4339,2
5440,2
937,2
5623,2
4034,2
593,2
2679,2
5117,2
981,2
2255,2
237,2
2153,2
4714,2
5509,2
871,2
4799,2
2608,2
3380,2
365,2
4551,2
609,2
3627,2
2385,2
498,2
5132,2
5665,2
4172,2
2088,2
1026,2
3040,2
4840,2
3817,2
3813,2
767,2
2577,2
3958,2
3975,2
4805,2
4259,2
1407,2
868,2
1431,2
3201,2
613,2
6135,2
4503,2
3356,2
5862,2
6426,2
3011,2
3470,2
2565,2
5412,2
3117,2
6166,2
5841,2
2642,2
2861,2
5408,2
3562,2
3412,2
467,2
2462,2
3991,2
4834,2
1735,2
3077,2
1683,2
3924,2
1533,2
4257,2
4415,2
854,2
2171,2
821,2
158,2
2210,2
5974,2
401,2
3951,2
3248,2
3536,2
4312,2
5591,2
5618,2
3538,2
2197,2
3577,2
4493,2
1287,2
3859,2
863,2
6309,2
5642,2
3008,2
849,2
2077,2
3806,2
1534,2
5653,2
2969,2
608,2
5188,2
3716,2
39,2
2066,2
4027,2
4617,2
532,2
2798,2
5910,2
2421,2
4099,2
5176,2
4784,2
5489,2
6129,2
2034,2
3326,2
4901,2
4131,2
3310,2
3560,2
5865,2
3584,2
1168,2
1140,2
1489,2
1655,2
5332,2
1812,2
2955,2
6388,2
4426,2
1125,2
3380,2
4797,2
453,2
6026,2
6141,2
248,2
5662,2
4635,2
3170,2
1005,2
3917,2
73,2
1567,2
4669,2
3939,2
1355,2
1372,2
5902,2
1936,2
1310,2
6172,2
351,2
1331,2
3018,2
2014,2
3881,2
5,2
6334,2
3843,2
2029,2
4241,2
5225,2
2524,2
6335,2
3658,2
2964,2
1844,2
1391,2
745,2
4346,2
6010,2
0,2
3519,2
4095,2
4330,2
5693,2
2481,2
1118,2
4970,2
2834,2
5060,2
3225,2
772,2
1820,2
5112,2
4267,2
1927,2
2261,2
1055,2
2914,2
2506,2
1533,2
6264,2
3345,2
3659,2
3802,2
564,2
6158,2
2230,2
6154,2
1101,2
2669,2
783,2
3631,2
1773,2
4215,2
382,2
4630,2
4503,2
3344,2
368,2
5473,2
396,2
200,2
837,2
257,2
6057,2
4557,2
2083,2
4617,2
261,2
5167,2
647,2
2556,2
5538,2
5810,2
1849,2
6103,2
2768,2
2507,2
966,2
275,2
1487,2
3096,2
4297,2
4808,2
1657,2
4652,2
313,2
202,2
2973,2
6112,2
1861,2
6213,2
4324,2
3615,2
2072,2
4128,2
4040,2
5281,2
1843,2
797,2
2958,2
3610,2
1317,2
2567,2
5261,2
1585,2
3465,2
1855,2
6451,2
2149,2
4749,2
3899,2
5791,2
6095,2
4353,2
5687,2
2590,2
2468,2
1374,2
6493,2
355,2
3936,2
4482,2
2626,2
3899,2
3586,2
5691,2
6297,2
3240,2
3667,2
5746,2
4536,2
30,2
3681,2
747,2
3488,2
2426,2
5299,2
3508,2
2363,2
5514,2
5619,2
1822,2
2447,2
5393,2
1396,2
4886,2
5047,2
1621,2
101,2
4395,2
3807,2
1267,2
2360,2
593,2
1086,2
3644,2
934,2
2457,2
3564,2
2328,2
723,2
3006,2
4923,2
6283,2
5259,2
12,2
5115,2
4229,2
1984,2
2552,2
2473,2
6471,2
4704,2
4187,2
1624,2
3079,2
3631,2
6409,2
5502,2
2703,2
1030,2
4095,2
5591,2
1863,2
380,2
4750,2
1726,2
1517,2
915,2
5876,2
5119,2
5017,2
2668,2
216,2
4111,2
4325,2
6078,2
2299,2
4339,2
2824,2
4626,2
3659,2
2368,2
2402,2
4801,2
2559,2
2319,2
5266,2
2687,2
5110,2
833,2
787,2
4729,2
5360,2
6044,2
2008,2
5361,2
4726,2
4846,2
6199,2
5372,2
5905,2
762,2
2564,2
2452,2
5646,2
1590,2
4089,2
4538,2
529,2
2121,2
2987,2
535,2
2885,2
210,2
5586,2
3815,2
6410,2
5624,2
4076,2
1137,2
3891,2
1315,2
482,2
2520,2
6042,2
4203,2
4928,2
4466,2
902,2
789,2
4995,2
5183,2
4439,2
2809,2
601,2
1121,2
6446,2
4442,2
6064,2
2513,2
5702,2
5745,2
2456,2
1806,2
5027,2
5121,2
4347,2
64,2
1991,2
4128,2
3057,2
2430,2
4958,2
3912,2
6009,2
706,2
6464,2
5134,2
4746,2
765,2
5012,2
4566,2
296,2
2271,2
2653,2
2395,2
2939,2
1759,2
5073,2
1912,2
555,2
555,2
3274,2
3253,2
2285,2
5014,2
5914,2
1741,2
1854,2
2728,2
1999,2
2397,2
1982,2
5816,2
589,2
1628,2
3354,2
6126,2
1337,2
6230,2
2112,2
1674,2
4908,2
1168,2
2177,2
5260,2
127,2
4464,2
1189,2
5088,2
4670,2
1968,2
4192,2
2262,2
5385,2
1994,2
4754,2
4495,2
6481,2
2003,2
2052,2
5924,2
5399,2
901,2
4844,2
2501,2
1493,2
4780,2
3070,2
3989,2
4195,2
3425,2
731,2
3777,2
1642,2
3855,2
2339,2
6189,2
5262,2
2601,2
794,2
6229,2
1086,2
3150,2
5746,2
5609,2
1747,2
2772,2
4203,2
656,2
3345,2
37,2
2940,2
1472,2
2884,2
5777,2
4961,2
2499,2
5469,2
5875,2
2462,2
1513,2
6288,2
4366,2
768,2
3634,2
4571,2
1650,2
187,2
2800,2
2781,2
3978,2
6446,2
5857,2
5772,2
4338,2
5916,2
271,2
1566,2
4711,2
1885,2
661,2
1309,2
5713,2
4772,2
547,2
3867,2
1536,2
252,2
3877,2
1563,2
4555,2
5806,2
4726,2
1091,2
5274,2
3476,2
231,2
3546,2
1680,2
444,2
163,2
3222,2
3895,2
4865,2
4461,2
2205,2
931,2
6278,2
2643,2
5062,2
5261,2
1035,2
2830,2
6013,2
3294,2
5846,2
6326,2
2750,2
5583,2
2510,2
2822,2
1619,2
1909,2
1906,2
984,2
2967,2
86,2
2088,2
3070,2
353,2
6216,2
5685,2
5062,2
5699,2
2696,2
464,2
20,2
610,2
6458,2
2010,2
2525,2
2180,2
4797,2
4122,2
3829,2
4342,2
5455,2
5352,2
6308,2
3176,2
5719,2
2010,2
5569,2
3887,2
5499,2
1318,2
215,2
3225,2
2880,2
4325,2
5045,2
915,2
1393,2
5272,2
4425,2
1046,2
6055,2
4657,2
6134,2
3702,2
4581,2
2114,2
6234,2
4946,2
1442,2
5493,2
5396,2
613,2
352,2
5207,2
5590,2
5066,2
5466,2
2831,2
1854,2
925,2
1096,2
1584,2
5672,2
1606,2
4180,2
5340,2
4766,2
3348,2
1096,2
5962,2
6060,2
5208,2
3482,2
1847,2
4573,2
4130,2
516,2
76,2
1374,2
5939,2
4417,2
3366,2
1129,2
3115,2
5493,2
2579,2
4665,2
2406,2
451,2
1315,2
1834,2
5009,2
1187,2
583,2
2885,2
3110,2
4716,2
6336,2
229,2
915,2
3983,2
258,2
723,2
2603,2
2764,2
1523,2
6021,2
4611,2
1591,2
6113,2
2777,2
1149,2
4828,2
4691,2
6259,2
85,2
3797,2
6252,2
1372,2
2934,2
4699,2
2527,2
2929,2
3395,2
4842,2
4536,2
812,2
4190,2
4312,2
2552,2
2087,2
6092,2
5869,2
796,2
1853,2
1259,2
2012,2
4843,2
5004,2
1360,2
5831,2
2490,2
2470,2
5245,2
5946,2
1599,2
3746,2
3407,2
2221,2
5235,2
2441,2
3612,2
428,2
1580,2
4911,2
4207,2
432,2
2440,2
2606,2
6443,2
3071,2
6167,2
3558,2
4447,2
4577,2
4254,2
1857,2
3897,2
4681,2
32,2
3508,2
4358,2
5128,2
2105,2
4411,2
706,2
900,2
875,2
3406,2
1385,2
6043,2
49,2
3181,2
645,2
842,2
249,2
5353,2
2817,2
5870,2
3466,2
891,2
2241,2
4302,2
1662,2
925,2
3892,2
317,2
5351,2
2702,2
3909,2
2327,2
4129,2
1715,2
383,2
193,2
3942,2
1553,2
1860,2
2522,2
81,2
2404,2
1418,2
6013,2
1306,2
5138,2
2085,2
5881,2
6006,2
1726,2
3494,2
2867,2
3602,2
689,2
1227,2
4884,2
2536,2
2369,2
3756,2
5875,2
1687,2
771,2
1050,2
3990,2
3611,2
4501,2
5081,2
1988,2
3193,2
3000,2
1395,2
2964,2
2858,2
3141,2
877,2
6236,2
3149,2
813,2
6366,2
215,2
2811,2
5794,2
5684,2
5532,2
4333,2
324,2
2480,2
5660,2
6330,2
3991,2
3016,2
5589,2
5820,2
3381,2
1710,2
3982,2
3177,2
3535,2
3102,2
4912,2
507,2
2464,2
74,2
1606,2
191,2
2344,2
1475,2
4624,2
1076,2
1511,2
960,2
3639,2
4635,2
3520,2
4426,2
6219,2
405,2
2365,2
1936,2
2616,2
2098,2
3126,2
4231,2
2903,2
854,2
4135,2
1370,2
2169,2
4668,2
2806,2
577,2
2281,2
703,2
404,2
5863,2
3688,2
5604,2
2773,2
1334,2
3817,2
4751,2
6489,2
3557,2
823,2
2826,2
3580,2
2729,2
4937,2
4444,2
5525,2
2875,2
5435,2
639,2
310,2
2923,2
5522,2
5796,2
2153,2
550,2
5101,2
3076,2
5455,2
3992,2
3774,2
729,2
2499,2
179,2
4611,2
3589,2
3164,2
777,2
2912,2
4666,2
1831,2
557,2
4032,2
3073,2
5318,2
2301,2
1118,2
5855,2
5719,2
2754,2
666,2
938,2
5842,2
4191,2
5656,2
3859,2
4069,2
55,2
1949,2
2530,2
277,2
6070,2
2062,2
2568,2
6459,2
707,2
2296,2
2313,2
1283,2
2845,2
1720,2
654,2
5790,2
5402,2
1646,2
2176,2
3922,2
4825,2
987,2
5838,2
3911,2
2279,2
6188,2
3689,2
128,2
3620,2
3690,2
6212,2
276,2
4970,2
4047,2
4600,2
5392,2
121,2
5870,2
6143,2
5712,2
4960,2
6236,2
3840,2
504,2
2495,2
5479,2
1113,2
2407,2
5061,2
4547,2
3287,2
1383,2
2835,2
2333,2
6018,2
4805,2
3208,2
2306,2
4055,2
3047,2
397,2
292,2
3791,2
3777,2
6151,2
4800,2
2967,2
596,2
590,2
4017,2
958,2
4677,2
5860,2
5130,2
4099,2
2799,2
3659,2
2499,2
4378,2
5151,2
6257,2
3215,2
487,2
4937,2
3306,2
1524,2
6420,2
5659,2
5200,2
2157,2
1353,2
6439,2
2276,2
1087,2
4247,2
4629,2
2283,2
5076,2
226,2
614,2
5167,2
406,2
5102,2
3477,2
5323,2
143,2
5465,2
485,2
6044,2
3345,2
2363,2
3590,2
4873,2
1866,2
4171,2
2078,2
4778,2
2262,2
326,2
2082,2
5672,2
5913,2
4269,2
1764,2
3167,2
2399,2
5594,2
1665,2
1127,2
6222,2
3200,2
6473,2
3992,2
5014,2
2557,2
1873,2
3747,2
5057,2
174,2
3025,2
5758,2
799,2
312,2
16,2
